timestamp,provider,model,duration,tokens,gpu_status,prompt,response
2026-05-01T18:05:50.364954,Ollama,llama3.1:8b,195.2175,1750,GPU (52.7%),"Corrija o recurso no namespace teste-orion:

apiVersion: v1
items:
- apiVersion: apps/v1
  kind: Deployment
  metadata:
    annotations:
      deployment.kubernetes.io/revision: ""1""
      kubectl.kubernetes.io/last-applied-configuration: |
        {""apiVersion"":""apps/v1"",""kind"":""Deployment"",""metadata"":{""annotations"":{},""name"":""fiware-orionld"",""namespace"":""teste-orion""},""spec"":{""replicas"":3,""selector"":{""matchLabels"":{""app"":""orionld""}},""template"":{""metadata"":{""labels"":{""app"":""orionld""},""name"":""fiware-orion""},""spec"":{""containers"":[{""args"":[""-dbhost"",""orionld-mongodb-svc:27017"",""-rplSet"",""orionld-mongodb"",""-dbuser"",""usuariozão"",""-dbpwd"",""123456789"",""-dbAuthMech"",""SCRAM-SHA-256"",""-db"",""orion"",""-statCounters"",""-statSemWait"",""-statTiming"",""-statNotifQueue""],""env"":[{""name"":""ORIONLD_MONGOCONLY"",""value"":""TRUE""},{""name"":""DB_PASSWORD"",""value"":""hardcoded-password-123""},{""name"":""API_KEY"",""value"":""sk-1234567890abcdef""}],""image"":""fiware/orion-ld"",""livenessProbe"":{""httpGet"":{""path"":""/version"",""port"":1026},""initialDelaySeconds"":10,""periodSeconds"":5},""name"":""orion"",""ports"":[{""containerPort"":1026}],""readinessProbe"":{""httpGet"":{""path"":""/version"",""port"":1026},""initialDelaySeconds"":5,""periodSeconds"":5},""resources"":{""limits"":{""cpu"":""500m"",""memory"":""500Mi""},""requests"":{""cpu"":""100m"",""memory"":""100Mi""}}}]}}}}
    creationTimestamp: ""2026-05-01T18:02:29Z""
    generation: 1
    name: fiware-orionld
    namespace: teste-orion
    resourceVersion: ""14931""
    uid: 33678fc0-6f93-4fd8-977a-40d174615a6c
  spec:
    progressDeadlineSeconds: 600
    replicas: 3
    revisionHistoryLimit: 10
    selector:
      matchLabels:
        app: orionld
    strategy:
      rollingUpdate:
        maxSurge: 25%
        maxUnavailable: 25%
      type: RollingUpdate
    template:
      metadata:
        labels:
          app: orionld
        name: fiware-orion
      spec:
        containers:
        - args:
          - -dbhost
          - orionld-mongodb-svc:27017
          - -rplSet
          - orionld-mongodb
          - -dbuser
          - usuariozão
          - -dbpwd
          - ""123456789""
          - -dbAuthMech
          - SCRAM-SHA-256
          - -db
          - orion
          - -statCounters
          - -statSemWait
          - -statTiming
          - -statNotifQueue
          env:
          - name: ORIONLD_MONGOCONLY
            value: ""TRUE""
          - name: DB_PASSWORD
            value: hardcoded-password-123
          - name: API_KEY
            value: sk-1234567890abcdef
          image: fiware/orion-ld
          imagePullPolicy: Always
          livenessProbe:
            failureThreshold: 3
            httpGet:
              path: /version
              port: 1026
              scheme: HTTP
            initialDelaySeconds: 10
            periodSeconds: 5
            successThreshold: 1
            timeoutSeconds: 1
          name: orion
          ports:
          - containerPort: 1026
            protocol: TCP
          readinessProbe:
            failureThreshold: 3
            httpGet:
              path: /version
              port: 1026
              scheme: HTTP
            initialDelaySeconds: 5
            periodSeconds: 5
            successThreshold: 1
            timeoutSeconds: 1
          resources:
            limits:
              cpu: 500m
              memory: 500Mi
            requests:
              cpu: 100m
              memory: 100Mi
          terminationMessagePath: /dev/termination-log
          terminationMessagePolicy: File
        dnsPolicy: ClusterFirst
        restartPolicy: Always
        schedulerName: default-scheduler
        securityContext: {}
        terminationGracePeriodSeconds: 30
  status:
    conditions:
    - lastTransitionTime: ""2026-05-01T18:02:29Z""
      lastUpdateTime: ""2026-05-01T18:02:29Z""
      message: Deployment does not have minimum availability.
      reason: MinimumReplicasUnavailable
      status: ""False""
      type: Available
    - lastTransitionTime: ""2026-05-01T18:02:29Z""
      lastUpdateTime: ""2026-05-01T18:02:29Z""
      message: ReplicaSet ""fiware-orionld-548584cdf"" is progressing.
      reason: ReplicaSetUpdated
      status: ""True""
      type: Progressing
    observedGeneration: 1
    replicas: 3
    terminatingReplicas: 0
    unavailableReplicas: 3
    updatedReplicas: 3
- apiVersion: v1
  kind: Service
  metadata:
    annotations:
      kubectl.kubernetes.io/last-applied-configuration: |
        {""apiVersion"":""v1"",""kind"":""Service"",""metadata"":{""annotations"":{},""name"":""fiware-orionld-service"",""namespace"":""teste-orion""},""spec"":{""ports"":[{""port"":1027,""protocol"":""TCP"",""targetPort"":1026}],""selector"":{""app"":""orionlds""},""type"":""LoadBalancer""}}
    creationTimestamp: ""2026-05-01T18:02:29Z""
    name: fiware-orionld-service
    namespace: teste-orion
    resourceVersion: ""14915""
    uid: 02873331-6fe3-43df-b096-261fe22d0cb0
  spec:
    allocateLoadBalancerNodePorts: true
    clusterIP: 10.96.56.169
    clusterIPs:
    - 10.96.56.169
    externalTrafficPolicy: Cluster
    internalTrafficPolicy: Cluster
    ipFamilies:
    - IPv4
    ipFamilyPolicy: SingleStack
    ports:
    - nodePort: 31659
      port: 1027
      protocol: TCP
      targetPort: 1026
    selector:
      app: orionlds
    sessionAffinity: None
    type: LoadBalancer
  status:
    loadBalancer: {}
- apiVersion: autoscaling/v2
  kind: HorizontalPodAutoscaler
  metadata:
    annotations:
      kubectl.kubernetes.io/last-applied-configuration: |
        {""apiVersion"":""autoscaling/v2"",""kind"":""HorizontalPodAutoscaler"",""metadata"":{""annotations"":{},""name"":""fiware-orionld-hpa"",""namespace"":""teste-orion""},""spec"":{""maxReplicas"":15,""metrics"":[{""resource"":{""name"":""cpu"",""target"":{""averageUtilization"":30,""type"":""Utilization""}},""type"":""Resource""},{""resource"":{""name"":""memory"",""target"":{""averageUtilization"":70,""type"":""Utilization""}},""type"":""Resource""}],""minReplicas"":3,""scaleTargetRef"":{""apiVersion"":""apps/v1"",""kind"":""Deployment"",""name"":""fiware-orionld""}}}
    creationTimestamp: ""2026-05-01T18:02:29Z""
    name: fiware-orionld-hpa
    namespace: teste-orion
    resourceVersion: ""14927""
    uid: fa8ab517-345a-4b3d-9e5e-57eec213e611
  spec:
    maxReplicas: 15
    metrics:
    - resource:
        name: cpu
        target:
          averageUtilization: 30
          type: Utilization
      type: Resource
    - resource:
        name: memory
        target:
          averageUtilization: 70
          type: Utilization
      type: Resource
    minReplicas: 3
    scaleTargetRef:
      apiVersion: apps/v1
      kind: Deployment
      name: fiware-orionld
  status:
    currentMetrics: null
    desiredReplicas: 0
kind: List
metadata:
  resourceVersion: """"
","[FAILED (Falha: CrashLoopBackOff, CrashLoopBackOff, CrashLoopBackOff)] | {'action': 'tool_use', 'tool_name': 'apply_manifest', 'tool_args': {'manifest': 'apiVersion: v1\nitems:\n- apiVersion: apps/v1\n  kind: Deployment\n  metadata:\n    annotations:\n      deployment.kubernetes.io/revision: ""2""\n      kubectl.kubernetes.io/last-applied-configuration: |\n        {""apiVersion"":""apps/v1"",""kind"":""Deployment"",""metadata"":{""annotations"":{},'}}"
2026-05-01T18:10:42.684517,Ollama,llama3.1:8b,286.8821,1643,GPU (52.7%),"Corrija o recurso no namespace teste-frontend:

apiVersion: apps/v1
kind: Deployment
metadata:
  annotations:
    deployment.kubernetes.io/revision: ""1""
    kubectl.kubernetes.io/last-applied-configuration: |
      {""apiVersion"":""apps/v1"",""kind"":""Deployment"",""metadata"":{""annotations"":{},""name"":""frontend"",""namespace"":""teste-frontend""},""spec"":{""replicas"":1,""selector"":{""matchLabels"":{""app"":""guestbook"",""tier"":""frontend""}},""template"":{""metadata"":{""labels"":{""app"":""guestbook"",""tier"":""frontend""}},""spec"":{""containers"":[{""env"":[{""name"":""GET_HOSTS_FROM"",""value"":""dns""},{""name"":""PASSWORD_SERVICE_HOST"",""value"":""123456""}],""image"":""nginxs"",""name"":""php-redis"",""ports"":[{""containerPort"":80}],""resources"":{""requests"":{""cpu"":""100m"",""memory"":""100Mi""}}}]}}}}
  creationTimestamp: ""2026-05-01T18:05:50Z""
  generation: 1
  name: frontend
  namespace: teste-frontend
  resourceVersion: ""15310""
  uid: 556ca9cd-5ba6-4d46-87f8-125783fd5c3d
spec:
  progressDeadlineSeconds: 600
  replicas: 1
  revisionHistoryLimit: 10
  selector:
    matchLabels:
      app: guestbook
      tier: frontend
  strategy:
    rollingUpdate:
      maxSurge: 25%
      maxUnavailable: 25%
    type: RollingUpdate
  template:
    metadata:
      labels:
        app: guestbook
        tier: frontend
    spec:
      containers:
      - env:
        - name: GET_HOSTS_FROM
          value: dns
        - name: PASSWORD_SERVICE_HOST
          value: ""123456""
        image: nginxs
        imagePullPolicy: Always
        name: php-redis
        ports:
        - containerPort: 80
          protocol: TCP
        resources:
          requests:
            cpu: 100m
            memory: 100Mi
        terminationMessagePath: /dev/termination-log
        terminationMessagePolicy: File
      dnsPolicy: ClusterFirst
      restartPolicy: Always
      schedulerName: default-scheduler
      securityContext: {}
      terminationGracePeriodSeconds: 30
status:
  conditions:
  - lastTransitionTime: ""2026-05-01T18:05:50Z""
    lastUpdateTime: ""2026-05-01T18:05:50Z""
    message: Deployment does not have minimum availability.
    reason: MinimumReplicasUnavailable
    status: ""False""
    type: Available
  - lastTransitionTime: ""2026-05-01T18:05:50Z""
    lastUpdateTime: ""2026-05-01T18:05:50Z""
    message: ReplicaSet ""frontend-65d44dd469"" is progressing.
    reason: ReplicaSetUpdated
    status: ""True""
    type: Progressing
  observedGeneration: 1
  replicas: 1
  terminatingReplicas: 0
  unavailableReplicas: 1
  updatedReplicas: 1
","[FAILED (Falha: ImagePullBackOff)] | {'action': 'tool_use', 'tool_name': 'apply_manifest', 'tool_args': {'namespace': 'teste-frontend', 'manifest': 'apiVersion: apps/v1\nkind: Deployment\nelements:\n- apiVersion: apps/v1\nelement_0:\n  kind: Deployment\nelement_0_metadata:\n    annotations:\n      deployment.kubernetes.io/revision: ""2""\n      kubectl.kubernetes.io/last-applied-configuration: |\n        {\\""apiVersion\\"": \\""apps/v1\\"",\\""kind\\"": \\""Deployment\\"",\\""metadata\\"": {\\""annotations\\"": {},\\""name\\"": \\""frontend\\"",\\""namespace\\"": \\""teste-frontend\\""},\\""spec\\"": {\\""replicas\\"": 1,\\""selector\\"": {\\""matchLabels\\"": {\\""app\\"": \\""guestbook\\"",\\""tier\\"": \\""frontend\\""}},\\""template\\"": {\\""metadata\\"": {\\""labels\\"": {\\""app\\"": \\""guestbook\\"",\\""tier\\"": \\""frontend\\""}},\\""spec\\"": {\\""containers\\"":[{\\""env\\"": [{{\\""name\\"": ""GET_HOSTS_FROM"",""value"":""dns""},{\\""name\\"": ""PASSWORD_SERVICE_HOST"",""value"":""123456""}],\\""image"":""nginxs"",""name"":""php-redis"",""ports"":[{{\\""containerPort"":80}}],\\""resources\\"": {{\\""requests\\"": {\\""cpu"":""100m"",\\""memory"":""100Mi""}}}]]}}}},\n    creationTimestamp: ""2026-05-01T18:05:50Z""\n    generation: 2\n    name: frontend\n    namespace: teste-frontend\n    resourceVersion: ""15310""\n    uid: 556ca9cd-5ba6-4d46-87f8-125783fd5c3d\nelement_0_spec:\n  progressDeadlineSeconds: 600\n  replicas: 1\n  revisionHistoryLimit: 10\n  selector:\n    matchLabels:\n      app: guestbook\n      tier: frontend\n  strategy:\n    rollingUpdate:\n      maxSurge: 25%\n      maxUnavailable: 25%\n    type: RollingUpdate\n  template:\n    metadata:\n      labels:\n        app: guestbook\n        tier: frontend\n    spec:\n      containers:\n      - env:\n        - name: GET_HOSTS_FROM\nelement_0_spec_containers_env_name: dns\nelement_0_spec_containers_env_value: dns\n        - name: PASSWORD_SERVICE_HOST\nelement_0_spec_containers_env_name_1: 123456\nelement_0_spec_containers_env_value_1: 123456\nelement_0_spec_containers_image: nginxs\n        imagePullPolicy: Always\n        name: php-redis\n        ports:\n        - containerPort: 80\nelement_0_spec_containers_ports_containerPort: 80\nelement_0_spec_containers_ports_protocol: TCP\n        resources:\n          requests:\n            cpu: 100m\nelement_0_spec_containers_resources_requests_cpu: 100m\nelement_0_spec_containers_resources_requests_memory: 100Mi\n        terminationMessagePath: /dev/termination-log\nelement_0_spec_containers_termination_message_path: /dev/termination-log\nelement_0_spec_containers_termination_message_policy: File\nelement_0_spec_containers_termination_message_policy_1: File\nelement_0_status:\n  conditions:\n  - lastTransitionTime: ""2026-05-01T18:05:50Z""\nelement_0_status_conditions_last_transition_time: ""2026-05-01T18:05:50Z""\nelement_0_status_conditions_last_update_time: ""2026-05-01T18:05:50Z""\n    lastUpdateTime: ""2026-05-01T18:05:50Z""\nelement_0_status_conditions_message: Deployment does not have minimum availability.\nelement_0_status_conditions_reason: MinimumReplicasUnavailable\n    reason: MinimumReplicasUnavailable\nelement_0_status_conditions_status: False\nelement_0_status_conditions_status_1: False\nelement_0_status_conditions_type: Available\nelement_0_status_conditions_type_1: Available\n  - lastTransitionTime: ""2026-05-01T18:05:50Z""\n    lastUpdateTime: ""2026-05-01T18:05:50Z""\nelement_0_status_conditions_last_transition_time_1: ""2026-05-01T18:05:50Z""\nelement_0_status_conditions_last_update_time_1: ""2026-05-01T18:05:50Z""\n    message: ReplicaSet ""frontend-65d44dd469"" is progressing.\nelement_0_status_conditions_message_1: ReplicaSet \\""frontend-65d44dd469\\"" is progressing.\nelement_0_status_conditions_reason_1: ReplicaSetUpdated\nelement_0_status_conditions_status_2: True\nelement_0_status_conditions_status_3: True\nelement_0_status_conditions_type_2: Progressing\nelement_0_status_conditions_type_3: Progressing\n  observedGeneration: 1\n  replicas: 1\nelement_0_status_replicas: 1\n  terminatingReplicas: 0\n  unavailableReplicas: 1\nelement_0_status_unavailable_replicas: 1\n  updatedReplicas: 1\nelement_0_status_updated_replicas: 1'}}"
2026-05-01T18:13:33.166903,Ollama,llama3.1:8b,103.9262,1210,GPU (52.7%),"Corrija o recurso no namespace teste-mysql:

apiVersion: v1
kind: Pod
metadata:
  annotations:
    kubectl.kubernetes.io/last-applied-configuration: |
      {""apiVersion"":""v1"",""kind"":""Pod"",""metadata"":{""annotations"":{},""labels"":{""name"":""mysql""},""name"":""mysql"",""namespace"":""teste-mysql""},""spec"":{""containers"":[{""args"":[""--ignore-db-dir"",""lost+found""],""env"":[{""name"":""MYSQL_ROOT_PASSWORD"",""value"":""mypassowrd 123""},{""name"":""MYSQL_USER"",""value"":""admin""},{""name"":""MYSQL_PASSWORD"",""value"":""hardcoded-mysql-pass-2024""}],""image"":""my-sql"",""name"":""mysql"",""ports"":[{""containerPort"":3306,""name"":""mysql""}],""resources"":{""limits"":{""cpu"":0.5,""memory"":""512Mi""},""requests"":{""cpu"":0.5,""memory"":""256Mi""}},""volumeMounts"":[{""mountPath"":""/var/lib/mysql"",""name"":""mysql-persistent-storage""}]}],""volumes"":[{""cinder"":{""fsType"":""ext4"",""volumeID"":""bd82f7e2-wece-4c01-a505-4acf60b07f4a""},""name"":""mysql-persistent-storage""}]}}
  creationTimestamp: ""2026-05-01T18:10:42Z""
  generation: 1
  labels:
    name: mysql
  name: mysql
  namespace: teste-mysql
  resourceVersion: ""15626""
  uid: 1e182930-f4e7-4176-b02f-99479c13ba52
spec:
  containers:
  - args:
    - --ignore-db-dir
    - lost+found
    env:
    - name: MYSQL_ROOT_PASSWORD
      value: mypassowrd 123
    - name: MYSQL_USER
      value: admin
    - name: MYSQL_PASSWORD
      value: hardcoded-mysql-pass-2024
    image: my-sql
    imagePullPolicy: Always
    name: mysql
    ports:
    - containerPort: 3306
      name: mysql
      protocol: TCP
    resources:
      limits:
        cpu: 500m
        memory: 512Mi
      requests:
        cpu: 500m
        memory: 256Mi
    terminationMessagePath: /dev/termination-log
    terminationMessagePolicy: File
    volumeMounts:
    - mountPath: /var/lib/mysql
      name: mysql-persistent-storage
    - mountPath: /var/run/secrets/kubernetes.io/serviceaccount
      name: kube-api-access-44x6k
      readOnly: true
  dnsPolicy: ClusterFirst
  enableServiceLinks: true
  nodeName: minikube
  preemptionPolicy: PreemptLowerPriority
  priority: 0
  restartPolicy: Always
  schedulerName: default-scheduler
  securityContext: {}
  serviceAccount: default
  serviceAccountName: default
  terminationGracePeriodSeconds: 30
  tolerations:
  - effect: NoExecute
    key: node.kubernetes.io/not-ready
    operator: Exists
    tolerationSeconds: 300
  - effect: NoExecute
    key: node.kubernetes.io/unreachable
    operator: Exists
    tolerationSeconds: 300
  volumes:
  - cinder:
      fsType: ext4
      volumeID: bd82f7e2-wece-4c01-a505-4acf60b07f4a
    name: mysql-persistent-storage
  - name: kube-api-access-44x6k
    projected:
      defaultMode: 420
      sources:
      - serviceAccountToken:
          expirationSeconds: 3607
          path: token
      - configMap:
          items:
          - key: ca.crt
            path: ca.crt
          name: kube-root-ca.crt
      - downwardAPI:
          items:
          - fieldRef:
              apiVersion: v1
              fieldPath: metadata.namespace
            path: namespace
status:
  conditions:
  - lastProbeTime: null
    lastTransitionTime: ""2026-05-01T18:10:42Z""
    observedGeneration: 1
    status: ""False""
    type: PodReadyToStartContainers
  - lastProbeTime: null
    lastTransitionTime: ""2026-05-01T18:10:42Z""
    observedGeneration: 1
    status: ""True""
    type: Initialized
  - lastProbeTime: null
    lastTransitionTime: ""2026-05-01T18:10:42Z""
    message: 'containers with unready status: [mysql]'
    observedGeneration: 1
    reason: ContainersNotReady
    status: ""False""
    type: Ready
  - lastProbeTime: null
    lastTransitionTime: ""2026-05-01T18:10:42Z""
    message: 'containers with unready status: [mysql]'
    observedGeneration: 1
    reason: ContainersNotReady
    status: ""False""
    type: ContainersReady
  - lastProbeTime: null
    lastTransitionTime: ""2026-05-01T18:10:42Z""
    observedGeneration: 1
    status: ""True""
    type: PodScheduled
  containerStatuses:
  - image: my-sql
    imageID: """"
    lastState: {}
    name: mysql
    ready: false
    restartCount: 0
    started: false
    state:
      waiting:
        reason: ContainerCreating
    volumeMounts:
    - mountPath: /var/lib/mysql
      name: mysql-persistent-storage
    - mountPath: /var/run/secrets/kubernetes.io/serviceaccount
      name: kube-api-access-44x6k
      readOnly: true
      recursiveReadOnly: Disabled
  hostIP: 192.168.49.2
  hostIPs:
  - ip: 192.168.49.2
  observedGeneration: 1
  phase: Pending
  qosClass: Burstable
  startTime: ""2026-05-01T18:10:42Z""
","[FAILED (Timeout: Pods não estabilizaram)] | {'action': 'tool_use', 'tool_name': 'apply_manifest', 'tool_args': {'namespace': 'teste-mysql', 'manifest': 'apiVersion: v1\nkind: Pod\ndefaultMetadata:\n  name: mysql\n  namespace: teste-mysql\nspec:\n  containers:\n  - name: mysql\ndnsPolicy: ClusterFirst\ndeploymentStrategy:\n  rollingUpdate:\n    maxSurge: 1\n    maxUnavailable: 0'}}"
2026-05-01T18:43:15.156705,Ollama,llama3.1:8b,323.1673,2194,GPU (52.7%),"Serviço: fiware-orionld-service Deployment: fiware-orionld HPA: fiware-orionld-hpa
Analise os arquivos YAML dos recursos Kubernetes acima, procurando por misconfigurations e possíveis incoerências, considerando o deploy em ambiente de produção
Verifique se as configurações estão corretas de acordo com as especificações do Kubernetes e identifique qualquer problema que possa comprometer a funcionalidade ou coerência com as boas práticas.
Para cada problema encontrado, sugira uma correção específica.
Faça a atualização do serviço e do deployment no namespace teste-orion. Se houver conflito, remova e depois aplique.

YAML VIVO PARA ANÁLISE:
apiVersion: v1
items:
- apiVersion: apps/v1
  kind: Deployment
  metadata:
    annotations:
      deployment.kubernetes.io/revision: ""1""
      kubectl.kubernetes.io/last-applied-configuration: |
        {""apiVersion"":""apps/v1"",""kind"":""Deployment"",""metadata"":{""annotations"":{},""name"":""fiware-orionld"",""namespace"":""teste-orion""},""spec"":{""replicas"":3,""selector"":{""matchLabels"":{""app"":""orionld""}},""template"":{""metadata"":{""labels"":{""app"":""orionld""},""name"":""fiware-orion""},""spec"":{""containers"":[{""args"":[""-dbhost"",""orionld-mongodb-svc:27017"",""-rplSet"",""orionld-mongodb"",""-dbuser"",""usuariozão"",""-dbpwd"",""123456789"",""-dbAuthMech"",""SCRAM-SHA-256"",""-db"",""orion"",""-statCounters"",""-statSemWait"",""-statTiming"",""-statNotifQueue""],""env"":[{""name"":""ORIONLD_MONGOCONLY"",""value"":""TRUE""},{""name"":""DB_PASSWORD"",""value"":""hardcoded-password-123""},{""name"":""API_KEY"",""value"":""sk-1234567890abcdef""}],""image"":""fiware/orion-ld"",""livenessProbe"":{""httpGet"":{""path"":""/version"",""port"":1026},""initialDelaySeconds"":10,""periodSeconds"":5},""name"":""orion"",""ports"":[{""containerPort"":1026}],""readinessProbe"":{""httpGet"":{""path"":""/version"",""port"":1026},""initialDelaySeconds"":5,""periodSeconds"":5},""resources"":{""limits"":{""cpu"":""500m"",""memory"":""500Mi""},""requests"":{""cpu"":""100m"",""memory"":""100Mi""}}}]}}}}
    creationTimestamp: ""2026-05-01T18:37:46Z""
    generation: 1
    name: fiware-orionld
    namespace: teste-orion
    resourceVersion: ""18030""
    uid: ef8bb09d-d9d9-4520-903a-53cc3362a6e8
  spec:
    progressDeadlineSeconds: 600
    replicas: 3
    revisionHistoryLimit: 10
    selector:
      matchLabels:
        app: orionld
    strategy:
      rollingUpdate:
        maxSurge: 25%
        maxUnavailable: 25%
      type: RollingUpdate
    template:
      metadata:
        labels:
          app: orionld
        name: fiware-orion
      spec:
        containers:
        - args:
          - -dbhost
          - orionld-mongodb-svc:27017
          - -rplSet
          - orionld-mongodb
          - -dbuser
          - usuariozão
          - -dbpwd
          - ""123456789""
          - -dbAuthMech
          - SCRAM-SHA-256
          - -db
          - orion
          - -statCounters
          - -statSemWait
          - -statTiming
          - -statNotifQueue
          env:
          - name: ORIONLD_MONGOCONLY
            value: ""TRUE""
          - name: DB_PASSWORD
            value: hardcoded-password-123
          - name: API_KEY
            value: sk-1234567890abcdef
          image: fiware/orion-ld
          imagePullPolicy: Always
          livenessProbe:
            failureThreshold: 3
            httpGet:
              path: /version
              port: 1026
              scheme: HTTP
            initialDelaySeconds: 10
            periodSeconds: 5
            successThreshold: 1
            timeoutSeconds: 1
          name: orion
          ports:
          - containerPort: 1026
            protocol: TCP
          readinessProbe:
            failureThreshold: 3
            httpGet:
              path: /version
              port: 1026
              scheme: HTTP
            initialDelaySeconds: 5
            periodSeconds: 5
            successThreshold: 1
            timeoutSeconds: 1
          resources:
            limits:
              cpu: 500m
              memory: 500Mi
            requests:
              cpu: 100m
              memory: 100Mi
          terminationMessagePath: /dev/termination-log
          terminationMessagePolicy: File
        dnsPolicy: ClusterFirst
        restartPolicy: Always
        schedulerName: default-scheduler
        securityContext: {}
        terminationGracePeriodSeconds: 30
  status:
    conditions:
    - lastTransitionTime: ""2026-05-01T18:37:46Z""
      lastUpdateTime: ""2026-05-01T18:37:46Z""
      message: Deployment does not have minimum availability.
      reason: MinimumReplicasUnavailable
      status: ""False""
      type: Available
    - lastTransitionTime: ""2026-05-01T18:37:46Z""
      lastUpdateTime: ""2026-05-01T18:37:46Z""
      message: ReplicaSet ""fiware-orionld-548584cdf"" is progressing.
      reason: ReplicaSetUpdated
      status: ""True""
      type: Progressing
    observedGeneration: 1
    replicas: 3
    terminatingReplicas: 0
    unavailableReplicas: 3
    updatedReplicas: 3
- apiVersion: v1
  kind: Service
  metadata:
    annotations:
      kubectl.kubernetes.io/last-applied-configuration: |
        {""apiVersion"":""v1"",""kind"":""Service"",""metadata"":{""annotations"":{},""name"":""fiware-orionld-service"",""namespace"":""teste-orion""},""spec"":{""ports"":[{""port"":1027,""protocol"":""TCP"",""targetPort"":1026}],""selector"":{""app"":""orionlds""},""type"":""LoadBalancer""}}
    creationTimestamp: ""2026-05-01T18:37:46Z""
    name: fiware-orionld-service
    namespace: teste-orion
    resourceVersion: ""18010""
    uid: 782ede91-0c93-467c-978b-07b6a3336b36
  spec:
    allocateLoadBalancerNodePorts: true
    clusterIP: 10.110.204.221
    clusterIPs:
    - 10.110.204.221
    externalTrafficPolicy: Cluster
    internalTrafficPolicy: Cluster
    ipFamilies:
    - IPv4
    ipFamilyPolicy: SingleStack
    ports:
    - nodePort: 30686
      port: 1027
      protocol: TCP
      targetPort: 1026
    selector:
      app: orionlds
    sessionAffinity: None
    type: LoadBalancer
  status:
    loadBalancer: {}
- apiVersion: autoscaling/v2
  kind: HorizontalPodAutoscaler
  metadata:
    annotations:
      kubectl.kubernetes.io/last-applied-configuration: |
        {""apiVersion"":""autoscaling/v2"",""kind"":""HorizontalPodAutoscaler"",""metadata"":{""annotations"":{},""name"":""fiware-orionld-hpa"",""namespace"":""teste-orion""},""spec"":{""maxReplicas"":15,""metrics"":[{""resource"":{""name"":""cpu"",""target"":{""averageUtilization"":30,""type"":""Utilization""}},""type"":""Resource""},{""resource"":{""name"":""memory"",""target"":{""averageUtilization"":70,""type"":""Utilization""}},""type"":""Resource""}],""minReplicas"":3,""scaleTargetRef"":{""apiVersion"":""apps/v1"",""kind"":""Deployment"",""name"":""fiware-orionld""}}}
    creationTimestamp: ""2026-05-01T18:37:46Z""
    name: fiware-orionld-hpa
    namespace: teste-orion
    resourceVersion: ""18023""
    uid: cc8853fd-7d5d-4313-86cf-4041df6a8daf
  spec:
    maxReplicas: 15
    metrics:
    - resource:
        name: cpu
        target:
          averageUtilization: 30
          type: Utilization
      type: Resource
    - resource:
        name: memory
        target:
          averageUtilization: 70
          type: Utilization
      type: Resource
    minReplicas: 3
    scaleTargetRef:
      apiVersion: apps/v1
      kind: Deployment
      name: fiware-orionld
  status:
    currentMetrics: null
    desiredReplicas: 0
kind: List
metadata:
  resourceVersion: """"
","[FAILED (Falha: CrashLoopBackOff, CrashLoopBackOff, CrashLoopBackOff)] | {'action': 'reply', 'content': '{""name"": ""apply_manifest"", ""parameters"": {""manifest"": ""{\'apiVersion\': \'v1\', \'items\': [{\'apiVersion\': \'apps/v1\', \'kind\': \'Deployment\', \'metadata\': {\'annotations\': {\'deployment.kubernetes.io/revision\': \'2\', \'kubectl.kubernetes.io/last-applied-configuration\': \'{""apiVersion"":""apps/v1"",""kind"":""Deployment"",""metadata"":{""annotations"":{},""name"":""fiware-orionld"",""namespace"":""teste-orion""},""spec"":{""replicas"":3,""selector"":{""matchLabels"":{""app"":""orionld""}},""template"":{""metadata"":{""labels"":{""app"":""orionld""},""name"":""fiware-orion""},""spec"":{""containers"":[{""args"":[""-dbhost"",""orionld-mongodb-svc:27017"",""-rplSet"",""orionld-mongodb"",""-dbuser"",""usuariozão"",""-dbpwd"",""123456789"",""-dbAuthMech"",""SCRAM-SHA-256"",""-db"",""orion"",""-statCounters"",""-statSemWait"",""-statTiming"",""-statNotifQueue""],""env"":[{""name"":""ORIONLD_MONGOCONLY"",""value"":""TRUE""},{""name"":""DB_PASSWORD"",""value"":""hardcoded-password-123""},{""name"":""API_KEY"",""value"":""sk-1234567890abcdef""}],""image"":""fiware/orion-ld"",""livenessProbe"":{""httpGet"":{""path"":""/version"",""port"":1026},""initialDelaySeconds"":10,""periodSeconds"":5},""name"":""orion"",""ports"":[{""containerPort"":1026}],""readinessProbe"":{""httpGet"":{""path"":""/version"",""port"":1026},""initialDelaySeconds"":5,""periodSeconds"":5},""resources"":{""limits"":{""cpu"":""500m"",""memory"":""500Mi""},""requests"":{""cpu"":""100m"",""memory"":""100Mi""}}}]}}""}}""}}"", ""namespace"": ""teste-orion""}}\n\nEste comando aplica um manifesto Kubernetes YAML diretamente para o namespace ""teste-orion"" com as configurações de revisão 2.'}"
2026-05-01T18:45:54.497682,Ollama,llama3.1:8b,143.7495,1217,GPU (52.7%),"Deployment: frontend
Analise os arquivos YAML dos recursos Kubernetes acima, procurando por misconfigurations e possíveis incoerências, considerando o deploy em ambiente de produção
Verifique se as configurações estão corretas de acordo com as especificações do Kubernetes e identifique qualquer problema que possa comprometer a funcionalidade ou coerência com as boas práticas.
Para cada problema encontrado, sugira uma correção específica.
Faça a atualização do serviço e do deployment no namespace teste-frontend. Se houver conflito, remova e depois aplique.

YAML VIVO PARA ANÁLISE:
apiVersion: apps/v1
kind: Deployment
metadata:
  annotations:
    deployment.kubernetes.io/revision: ""1""
    kubectl.kubernetes.io/last-applied-configuration: |
      {""apiVersion"":""apps/v1"",""kind"":""Deployment"",""metadata"":{""annotations"":{},""name"":""frontend"",""namespace"":""teste-frontend""},""spec"":{""replicas"":1,""selector"":{""matchLabels"":{""app"":""guestbook"",""tier"":""frontend""}},""template"":{""metadata"":{""labels"":{""app"":""guestbook"",""tier"":""frontend""}},""spec"":{""containers"":[{""env"":[{""name"":""GET_HOSTS_FROM"",""value"":""dns""},{""name"":""PASSWORD_SERVICE_HOST"",""value"":""123456""}],""image"":""nginxs"",""name"":""php-redis"",""ports"":[{""containerPort"":80}],""resources"":{""requests"":{""cpu"":""100m"",""memory"":""100Mi""}}}]}}}}
  creationTimestamp: ""2026-05-01T18:43:25Z""
  generation: 1
  name: frontend
  namespace: teste-frontend
  resourceVersion: ""18587""
  uid: f9451326-2123-45b0-9003-5efc8be30d54
spec:
  progressDeadlineSeconds: 600
  replicas: 1
  revisionHistoryLimit: 10
  selector:
    matchLabels:
      app: guestbook
      tier: frontend
  strategy:
    rollingUpdate:
      maxSurge: 25%
      maxUnavailable: 25%
    type: RollingUpdate
  template:
    metadata:
      labels:
        app: guestbook
        tier: frontend
    spec:
      containers:
      - env:
        - name: GET_HOSTS_FROM
          value: dns
        - name: PASSWORD_SERVICE_HOST
          value: ""123456""
        image: nginxs
        imagePullPolicy: Always
        name: php-redis
        ports:
        - containerPort: 80
          protocol: TCP
        resources:
          requests:
            cpu: 100m
            memory: 100Mi
        terminationMessagePath: /dev/termination-log
        terminationMessagePolicy: File
      dnsPolicy: ClusterFirst
      restartPolicy: Always
      schedulerName: default-scheduler
      securityContext: {}
      terminationGracePeriodSeconds: 30
status:
  conditions:
  - lastTransitionTime: ""2026-05-01T18:43:25Z""
    lastUpdateTime: ""2026-05-01T18:43:25Z""
    message: Deployment does not have minimum availability.
    reason: MinimumReplicasUnavailable
    status: ""False""
    type: Available
  - lastTransitionTime: ""2026-05-01T18:43:25Z""
    lastUpdateTime: ""2026-05-01T18:43:25Z""
    message: ReplicaSet ""frontend-65d44dd469"" is progressing.
    reason: ReplicaSetUpdated
    status: ""True""
    type: Progressing
  observedGeneration: 1
  replicas: 1
  terminatingReplicas: 0
  unavailableReplicas: 1
  updatedReplicas: 1
","[FAILED (Falha: ImagePullBackOff)] | {'action': 'reply', 'content': 'Para responder a esta pergunta, iremos chamar as funções do Kubernetes para obter informações sobre o deployment e realizar as ações necessárias.\n\n**Chamada de função:**\n\n1. Listar recursos no namespace ""teste-frontend"" com tipo ""deployments"":\n```json\n{""name"": ""list_resources"", ""parameters"": {""namespace"": ""teste-frontend"", ""resource_types"": [""deployments""]}}\n```\n2. Obter detalhes do deployment ""frontend"" no namespace ""teste-frontend"":\n```json\n{""name"": ""get_resource_details"", ""parameters"": {""name"": ""frontend"", ""namespace"": ""teste-frontend"", ""resource_type"": ""deployment""}}\n```\n3. Analisar o YAML do deployment e identificar problemas (neste caso, apenas uma observação: o valor da variável `PASSWORD_SERVICE_HOST` parece estar configurado com um valor fixo, o que pode não ser seguro):\n```json\n{""name"": ""analyze_yaml"", ""parameters"": {""yaml_content"": ""apiVersion: apps/v1...""}}\n```\n4. Atualizar o deployment no namespace ""teste-frontend"" (não há conflito, portanto apenas atualizaremos):\n```json\n{""name"": ""apply_manifest"", ""parameters"": {""manifest"": {""apiVersion"": ""apps/v1"", ""kind"": ""Deployment"", ...}, ""namespace"": ""teste-frontend""}}\n```\n5. Se houver algum problema no deployment após a atualização, podemos tentar remover e re-aplicar:\n```json\n{""name"": ""delete_resource"", ""parameters"": {""name"": ""frontend"", ""namespace"": ""teste-frontend"", ""resource_type"": ""deployment""}}\n{""name"": ""apply_manifest"", ""parameters"": {""manifest"": {""apiVersion"": ""apps/v1"", ""kind"": ""Deployment"", ...}, ""namespace"": ""teste-frontend""}}\n```\nEssas chamadas de função devem ser realizadas para obter as informações necessárias e realizar as ações corretivas. Lembre-se de que essas são apenas sugestões e que você deve analisar cuidadosamente os resultados e considerar o contexto específico do seu ambiente.'}"
2026-05-01T18:54:05.739018,Ollama,llama3.1:8b,414.5118,2743,GPU (52.7%),"Pod: mysql
Analise os arquivos YAML dos recursos Kubernetes acima, procurando por misconfigurations e possíveis incoerências, considerando o deploy em ambiente de produção
Verifique se as configurações estão corretas de acordo com as especificações do Kubernetes e identifique qualquer problema que possa comprometer a funcionalidade ou coerência com as boas práticas.
Para cada problema encontrado, sugira uma correção específica.
Faça a atualização do serviço e do deployment no namespace teste-mysql. Se houver conflito, remova e depois aplique.

YAML VIVO PARA ANÁLISE:
apiVersion: v1
kind: Pod
metadata:
  annotations:
    kubectl.kubernetes.io/last-applied-configuration: |
      {""apiVersion"":""v1"",""kind"":""Pod"",""metadata"":{""annotations"":{},""labels"":{""name"":""mysql""},""name"":""mysql"",""namespace"":""teste-mysql""},""spec"":{""containers"":[{""args"":[""--ignore-db-dir"",""lost+found""],""env"":[{""name"":""MYSQL_ROOT_PASSWORD"",""value"":""mypassowrd 123""},{""name"":""MYSQL_USER"",""value"":""admin""},{""name"":""MYSQL_PASSWORD"",""value"":""hardcoded-mysql-pass-2024""}],""image"":""my-sql"",""name"":""mysql"",""ports"":[{""containerPort"":3306,""name"":""mysql""}],""resources"":{""limits"":{""cpu"":0.5,""memory"":""512Mi""},""requests"":{""cpu"":0.5,""memory"":""256Mi""}},""volumeMounts"":[{""mountPath"":""/var/lib/mysql"",""name"":""mysql-persistent-storage""}]}],""volumes"":[{""cinder"":{""fsType"":""ext4"",""volumeID"":""bd82f7e2-wece-4c01-a505-4acf60b07f4a""},""name"":""mysql-persistent-storage""}]}}
  creationTimestamp: ""2026-05-01T18:46:05Z""
  generation: 1
  labels:
    name: mysql
  name: mysql
  namespace: teste-mysql
  resourceVersion: ""18784""
  uid: 936a01d1-8578-4752-9330-2e58aac4d88d
spec:
  containers:
  - args:
    - --ignore-db-dir
    - lost+found
    env:
    - name: MYSQL_ROOT_PASSWORD
      value: mypassowrd 123
    - name: MYSQL_USER
      value: admin
    - name: MYSQL_PASSWORD
      value: hardcoded-mysql-pass-2024
    image: my-sql
    imagePullPolicy: Always
    name: mysql
    ports:
    - containerPort: 3306
      name: mysql
      protocol: TCP
    resources:
      limits:
        cpu: 500m
        memory: 512Mi
      requests:
        cpu: 500m
        memory: 256Mi
    terminationMessagePath: /dev/termination-log
    terminationMessagePolicy: File
    volumeMounts:
    - mountPath: /var/lib/mysql
      name: mysql-persistent-storage
    - mountPath: /var/run/secrets/kubernetes.io/serviceaccount
      name: kube-api-access-7j8fc
      readOnly: true
  dnsPolicy: ClusterFirst
  enableServiceLinks: true
  nodeName: minikube
  preemptionPolicy: PreemptLowerPriority
  priority: 0
  restartPolicy: Always
  schedulerName: default-scheduler
  securityContext: {}
  serviceAccount: default
  serviceAccountName: default
  terminationGracePeriodSeconds: 30
  tolerations:
  - effect: NoExecute
    key: node.kubernetes.io/not-ready
    operator: Exists
    tolerationSeconds: 300
  - effect: NoExecute
    key: node.kubernetes.io/unreachable
    operator: Exists
    tolerationSeconds: 300
  volumes:
  - cinder:
      fsType: ext4
      volumeID: bd82f7e2-wece-4c01-a505-4acf60b07f4a
    name: mysql-persistent-storage
  - name: kube-api-access-7j8fc
    projected:
      defaultMode: 420
      sources:
      - serviceAccountToken:
          expirationSeconds: 3607
          path: token
      - configMap:
          items:
          - key: ca.crt
            path: ca.crt
          name: kube-root-ca.crt
      - downwardAPI:
          items:
          - fieldRef:
              apiVersion: v1
              fieldPath: metadata.namespace
            path: namespace
status:
  conditions:
  - lastProbeTime: null
    lastTransitionTime: ""2026-05-01T18:46:05Z""
    observedGeneration: 1
    status: ""False""
    type: PodReadyToStartContainers
  - lastProbeTime: null
    lastTransitionTime: ""2026-05-01T18:46:05Z""
    observedGeneration: 1
    status: ""True""
    type: Initialized
  - lastProbeTime: null
    lastTransitionTime: ""2026-05-01T18:46:05Z""
    message: 'containers with unready status: [mysql]'
    observedGeneration: 1
    reason: ContainersNotReady
    status: ""False""
    type: Ready
  - lastProbeTime: null
    lastTransitionTime: ""2026-05-01T18:46:05Z""
    message: 'containers with unready status: [mysql]'
    observedGeneration: 1
    reason: ContainersNotReady
    status: ""False""
    type: ContainersReady
  - lastProbeTime: null
    lastTransitionTime: ""2026-05-01T18:46:05Z""
    observedGeneration: 1
    status: ""True""
    type: PodScheduled
  containerStatuses:
  - image: my-sql
    imageID: """"
    lastState: {}
    name: mysql
    ready: false
    restartCount: 0
    started: false
    state:
      waiting:
        reason: ContainerCreating
    volumeMounts:
    - mountPath: /var/lib/mysql
      name: mysql-persistent-storage
    - mountPath: /var/run/secrets/kubernetes.io/serviceaccount
      name: kube-api-access-7j8fc
      readOnly: true
      recursiveReadOnly: Disabled
  hostIP: 192.168.49.2
  hostIPs:
  - ip: 192.168.49.2
  observedGeneration: 1
  phase: Pending
  qosClass: Burstable
  startTime: ""2026-05-01T18:46:05Z""
","[FAILED (Timeout: Pods não estabilizaram)] | {'action': 'reply', 'content': 'Para analisar os arquivos YAML dos recursos Kubernetes e identificar possíveis problemas, vou utilizar a função `get_resource_details` para obter o arquivo YAML completo do pod `mysql`. Em seguida, vou verificar as configurações do pod e sugerir correções necessárias.\n\n```json\n{\n  ""name"": ""get_resource_details"",\n  ""parameters"": {\n    ""resource_type"": ""pod"",\n    ""name"": ""mysql"",\n    ""namespace"": ""teste-mysql""\n  }\n}\n```\n\nCom base na resposta da função `get_resource_details`, posso analisar as configurações do pod e identificar problemas potenciais.\n\nProblemas encontrados:\n\n1. **Imagem inválida**: A imagem utilizada pelo contêiner é `my-sql`, que não é uma imagem válida no Kubernetes. A imagem deve ser nomeada seguindo o padrão `nome-da-imagem/repo-da-imagem:versão-da-imagem`. Por exemplo, se a imagem for do tipo Docker Hub, o nome seria `mysql/mysql-server:latest`.\n2. **Senha de root hardcoded**: A senha de root é hardcoded no arquivo YAML e não deve ser armazenada desta forma. É recomendável utilizar uma variável de ambiente ou um segredo gerado pelo Kubernetes para armazenar a senha.\n3. **Porta inválida**: A porta do contêiner é configurada como `3306`, mas o serviço não está configurado para expor essa porta. Para resolver isso, é necessário adicionar uma regra de acesso à porta no serviço ou utilizar uma porta diferente.\n\nCorreções sugeridas:\n\n1. **Atualize a imagem**:\n```json\n{\n  ""name"": ""apply_manifest"",\n  ""parameters"": {\n    ""manifest"": {\n      ""apiVersion"": ""v1"",\n      ""kind"": ""Pod"",\n      ""metadata"": {\n        ""annotations"": {},\n        ""labels"": {""nome"": ""mysql""},\n        ""name"": ""mysql"",\n        ""namespace"": ""teste-mysql""\n      },\n      ""spec"": {\n        ""containers"": [\n          {\n            ""args"": [""--ignore-db-dir"", ""lost+found""],\n            ""env"": [\n              {""name"": ""MYSQL_ROOT_PASSWORD"", ""value"": ""${MYSQL_ROOT_PASSWORD}""},\n              {""name"": ""MYSQL_USER"", ""value"": ""admin""},\n              {""name"": ""MYSQL_PASSWORD"", ""value"": ""${MYSQL_PASSWORD}""}\n            ],\n            ""image"": ""mysql/mysql-server:latest"",\n            ""imagePullPolicy"": ""Always"",\n            ""name"": ""mysql"",\n            ""ports"": [\n              {\n                ""containerPort"": 3306,\n                ""name"": ""mysql""\n              }\n            ],\n            ""resources"": {\n              ""limits"": {""cpu"": ""500m"", ""memory"": ""512Mi""},\n              ""requests"": {""cpu"": ""500m"", ""memory"": ""256Mi""}\n            },\n            ""volumeMounts"": [\n              {""mountPath"": ""/var/lib/mysql"", ""name"": ""mysql-persistent-storage""}\n            ]\n          }\n        ],\n        ""volumes"": [{""cinder"": {""fsType"": ""ext4"", ""volumeID"": ""bd82f7e2-wece-4c01-a505-4acf60b07f4a""}, ""name"": ""mysql-persistent-storage""}]\n      }\n    },\n    ""namespace"": ""teste-mysql""\n  }\n}\n```\n2. **Atualize a senha de root**:\n```json\n{\n  ""name"": ""apply_manifest"",\n  ""parameters"": {\n    ""manifest"": {\n      ""apiVersion"": ""v1"",\n      ""kind"": ""Pod"",\n      ""metadata"": {\n        ""annotations"": {},\n        ""labels"": {""nome"": ""mysql""},\n        ""name"": ""mysql"",\n        ""namespace"": ""teste-mysql""\n      },\n      ""spec"": {\n        ""containers"": [\n          {\n            ""args"": [""--ignore-db-dir"", ""lost+found""],\n            ""env"": [\n              {""name"": ""MYSQL_ROOT_PASSWORD"", ""value"": ""${MYSQL_ROOT_PASSWORD}""},\n              {""name"": ""MYSQL_USER"", ""value"": ""admin""},\n              {""name"": ""MYSQL_PASSWORD"", ""value"": ""${MYSQL_PASSWORD}""}\n            ],\n            ""image"": ""mysql/mysql-server:latest"",\n            ""imagePullPolicy"": ""Always"",\n            ""name"": ""mysql"",\n            ""ports"": [\n              {\n                ""containerPort"": 3306,\n                ""name"": ""mysql""\n              }\n            ],\n            ""resources"": {\n              ""limits"": {""cpu"": ""500m"", ""memory"": ""512Mi""},\n              ""requests"": {""cpu"": ""500m"", ""memory"": ""256Mi""}\n            },\n            ""volumeMounts"": [\n              {""mountPath"": ""/var/lib/mysql"", ""name"": ""mysql-persistent-storage""}\n            ]\n          }\n        ],\n        ""volumes"": [{""cinder"": {""fsType"": ""ext4"", ""volumeID"": ""bd82f7e2-wece-4c01-a505-4acf60b07f4a""}, ""name"": ""mysql-persistent-storage""}]\n      }\n    },\n    ""namespace"": ""teste-mysql""\n  }\n}\n```\n3. **Atualize a porta**:\n```json\n{\n  ""name"": ""apply_manifest"",\n  ""parameters"": {\n    ""manifest"": {\n      ""apiVersion"": ""v1"",\n      ""kind"": ""Pod"",\n      ""metadata"": {\n        ""annotations"": {},\n        ""labels"": {""nome"": ""mysql""},\n        ""name"": ""mysql"",\n        ""namespace"": ""teste-mysql""\n      },\n      ""spec"": {\n        ""containers"": [\n          {\n            ""args"": [""--ignore-db-dir"", ""lost+found""],\n            ""env"": [\n              {""name"": ""MYSQL_ROOT_PASSWORD"", ""value"": ""${MYSQL_ROOT_PASSWORD}""},\n              {""name"": ""MYSQL_USER"", ""value"": ""admin""},\n              {""name"": ""MYSQL_PASSWORD"", ""value"": ""${MYSQL_PASSWORD}""}\n            ],\n            ""image"": ""mysql/mysql-server:latest"",\n            ""imagePullPolicy"": ""Always"",\n            ""name"": ""mysql"",\n            ""ports"": [\n              {\n                ""containerPort"": 3306,\n                ""name"": ""mysql""\n              }\n            ],\n            ""resources"": {\n              ""limits"": {""cpu"": ""500m"", ""memory"": ""512Mi""},\n              ""requests"": {""cpu"": ""500m"", ""memory"": ""256Mi""}\n            },\n            ""volumeMounts"": [\n              {""mountPath"": ""/var/lib/mysql"", ""name"": ""mysql-persistent-storage""}\n            ]\n          }\n        ],\n        ""volumes"": [{""cinder"": {""fsType"": ""ext4"", ""volumeID"": ""bd82f7e2-wece-4c01-a505-4acf60b07f4a""}, ""name"": ""mysql-persistent-storage""}]\n      }\n    },\n    ""namespace"": ""teste-mysql""\n  }\n}\n```\nEssas correções devem ser aplicadas para resolver os problemas encontrados no arquivo YAML do pod `mysql`.'}"
